match_id,date,weekday,group,team_a,team_b,kickoff,venue,city,stage,final_score_a,final_score_b,outcome,decided_by,pen_a,pen_b,advanced,advanced_team
m01,2026-06-11,Thursday,A,Mexico,South Africa,14:00,Mexico City Stadium,Mexico City,group,2,0,team_a_win,,,,,
m02,2026-06-11,Thursday,A,Korea Republic,Czechia,21:00,Guadalajara Stadium,Guadalajara,group,2,1,team_a_win,,,,,
m03,2026-06-12,Friday,D,USA,Paraguay,20:00,Los Angeles Stadium,Los Angeles,group,4,1,team_a_win,,,,,
m04,2026-06-12,Friday,B,Canada,Bosnia and Herzegovina,14:00,Toronto Stadium,Toronto,group,1,1,draw,,,,,
m05,2026-06-13,Saturday,B,Qatar,Switzerland,14:00,SF Bay Area Stadium,San Francisco Bay Area,group,1,1,draw,,,,,
m06,2026-06-13,Saturday,C,Brazil,Morocco,17:00,NY/NJ Stadium,New Jersey,group,1,1,draw,,,,,
m07,2026-06-13,Saturday,C,Haiti,Scotland,20:00,Boston Stadium,Boston,group,0,1,team_b_win,,,,,
m08,2026-06-13,Saturday,D,Australia,Türkiye,23:00,BC Place Vancouver,Vancouver,group,2,0,team_a_win,,,,,
m09,2026-06-14,Sunday,E,Germany,Curaçao,12:00,Houston Stadium,Houston,group,7,1,team_a_win,,,,,
m10,2026-06-14,Sunday,F,Netherlands,Japan,15:00,Dallas Stadium,Dallas,group,2,2,draw,,,,,
m11,2026-06-14,Sunday,E,Côte d'Ivoire,Ecuador,18:00,Philadelphia Stadium,Philadelphia,group,1,0,team_a_win,,,,,
m12,2026-06-14,Sunday,F,Sweden,Tunisia,21:00,Monterrey Stadium,Monterrey,group,5,1,team_a_win,,,,,
m13,2026-06-15,Monday,H,Spain,Cabo Verde,11:00,Atlanta Stadium,Atlanta,group,0,0,draw,,,,,
m14,2026-06-15,Monday,G,IR Iran,New Zealand,20:00,Los Angeles Stadium,Los Angeles,group,2,2,draw,,,,,
m15,2026-06-15,Monday,H,Saudi Arabia,Uruguay,17:00,Miami Stadium,Miami,group,1,1,draw,,,,,
m16,2026-06-15,Monday,G,Belgium,Egypt,14:00,Seattle Stadium,Seattle,group,1,1,draw,,,,,
m17,2026-06-16,Tuesday,J,Austria,Jordan,23:00,SF Bay Area Stadium,San Francisco Bay Area,group,3,1,team_a_win,,,,,
m18,2026-06-16,Tuesday,I,France,Senegal,14:00,NY/NJ Stadium,New Jersey,group,3,1,team_a_win,,,,,
m19,2026-06-16,Tuesday,I,Iraq,Norway,17:00,Boston Stadium,Boston,group,1,4,team_b_win,,,,,
m20,2026-06-16,Tuesday,J,Argentina,Algeria,20:00,Kansas City Stadium,Kansas City,group,3,0,team_a_win,,,,,
m21,2026-06-17,Wednesday,K,Portugal,Congo DR,12:00,Houston Stadium,Houston,group,1,1,draw,,,,,
m22,2026-06-17,Wednesday,L,England,Croatia,15:00,Dallas Stadium,Dallas,group,4,2,team_a_win,,,,,
m23,2026-06-17,Wednesday,L,Ghana,Panama,18:00,Toronto Stadium,Toronto,group,1,0,team_a_win,,,,,
m24,2026-06-17,Wednesday,K,Uzbekistan,Colombia,21:00,Mexico City Stadium,Mexico City,group,1,3,team_b_win,,,,,
m25,2026-06-18,Thursday,A,Mexico,Korea Republic,20:00,Guadalajara Stadium,Guadalajara,group,1,0,team_a_win,,,,,
m26,2026-06-18,Thursday,B,Canada,Qatar,17:00,BC Place Vancouver,Vancouver,group,6,0,team_a_win,,,,,
m27,2026-06-18,Thursday,B,Switzerland,Bosnia and Herzegovina,14:00,Los Angeles Stadium,Los Angeles,group,4,1,team_a_win,,,,,
m28,2026-06-18,Thursday,A,Czechia,South Africa,11:00,Atlanta Stadium,Atlanta,group,1,1,draw,,,,,
m29,2026-06-19,Friday,D,USA,Australia,14:00,Seattle Stadium,Seattle,group,2,0,team_a_win,,,,,
m30,2026-06-19,Friday,D,Türkiye,Paraguay,22:00,SF Bay Area Stadium,San Francisco Bay Area,group,0,1,team_b_win,,,,,
m31,2026-06-19,Friday,C,Brazil,Haiti,19:30,Philadelphia Stadium,Philadelphia,group,3,0,team_a_win,,,,,
m32,2026-06-19,Friday,C,Scotland,Morocco,17:00,Boston Stadium,Boston,group,0,1,team_b_win,,,,,
m33,2026-06-20,Saturday,F,Tunisia,Japan,23:00,Monterrey Stadium,Monterrey,group,0,4,team_b_win,,,,,
m34,2026-06-20,Saturday,E,Ecuador,Curaçao,19:00,Kansas City Stadium,Kansas City,group,0,0,draw,,,,,
m35,2026-06-20,Saturday,E,Germany,Côte d'Ivoire,15:00,Toronto Stadium,Toronto,group,2,1,team_a_win,,,,,
m36,2026-06-20,Saturday,F,Netherlands,Sweden,12:00,Houston Stadium,Houston,group,5,1,team_a_win,,,,,
m37,2026-06-21,Sunday,G,New Zealand,Egypt,20:00,BC Place Vancouver,Vancouver,group,1,3,team_b_win,,,,,
m38,2026-06-21,Sunday,H,Uruguay,Cabo Verde,17:00,Miami Stadium,Miami,group,2,2,draw,,,,,
m39,2026-06-21,Sunday,G,Belgium,IR Iran,14:00,Los Angeles Stadium,Los Angeles,group,0,0,draw,,,,,
m40,2026-06-21,Sunday,H,Spain,Saudi Arabia,11:00,Atlanta Stadium,Atlanta,group,4,0,team_a_win,,,,,
m41,2026-06-22,Monday,J,Jordan,Algeria,22:00,SF Bay Area Stadium,San Francisco Bay Area,group,1,2,team_b_win,,,,,
m42,2026-06-22,Monday,I,Norway,Senegal,19:00,NY/NJ Stadium,New Jersey,group,3,2,team_a_win,,,,,
m43,2026-06-22,Monday,I,France,Iraq,16:00,Philadelphia Stadium,Philadelphia,group,3,0,team_a_win,,,,,
m44,2026-06-22,Monday,J,Argentina,Austria,12:00,Dallas Stadium,Dallas,group,2,0,team_a_win,,,,,
m45,2026-06-23,Tuesday,K,Colombia,Congo DR,21:00,Guadalajara Stadium,Guadalajara,group,1,0,team_a_win,,,,,
m46,2026-06-23,Tuesday,L,Panama,Croatia,18:00,Toronto Stadium,Toronto,group,0,1,team_b_win,,,,,
m47,2026-06-23,Tuesday,L,England,Ghana,15:00,Boston Stadium,Boston,group,0,0,draw,,,,,
m48,2026-06-23,Tuesday,K,Portugal,Uzbekistan,12:00,Houston Stadium,Houston,group,5,0,team_a_win,,,,,
m49,2026-06-24,Wednesday,A,South Africa,Korea Republic,20:00,Monterrey Stadium,Monterrey,group,1,0,team_a_win,,,,,
m50,2026-06-24,Wednesday,A,Czechia,Mexico,20:00,Mexico City Stadium,Mexico City,group,0,3,team_b_win,,,,,
m51,2026-06-24,Wednesday,C,Morocco,Haiti,17:00,Atlanta Stadium,Atlanta,group,4,2,team_a_win,,,,,
m52,2026-06-24,Wednesday,C,Scotland,Brazil,17:00,Miami Stadium,Miami,group,0,3,team_b_win,,,,,
m53,2026-06-24,Wednesday,B,Bosnia and Herzegovina,Qatar,14:00,Seattle Stadium,Seattle,group,3,1,team_a_win,,,,,
m54,2026-06-24,Wednesday,B,Switzerland,Canada,14:00,BC Place Vancouver,Vancouver,group,2,1,team_a_win,,,,,
m55,2026-06-25,Thursday,E,Curaçao,Côte d'Ivoire,15:00,Philadelphia Stadium,Philadelphia,group,0,2,team_b_win,,,,,
m56,2026-06-25,Thursday,E,Ecuador,Germany,15:00,NY/NJ Stadium,New Jersey,group,2,1,team_a_win,,,,,
m57,2026-06-25,Thursday,F,Japan,Sweden,18:00,Dallas Stadium,Dallas,group,1,1,draw,,,,,
m58,2026-06-25,Thursday,F,Tunisia,Netherlands,18:00,Kansas City Stadium,Kansas City,group,1,3,team_b_win,,,,,
m59,2026-06-25,Thursday,D,Türkiye,USA,21:00,Los Angeles Stadium,Los Angeles,group,3,2,team_a_win,,,,,
m60,2026-06-25,Thursday,D,Paraguay,Australia,21:00,SF Bay Area Stadium,San Francisco Bay Area,group,0,0,draw,,,,,
m61,2026-06-26,Friday,G,New Zealand,Belgium,22:00,BC Place Vancouver,Vancouver,group,1,5,team_b_win,,,,,
m62,2026-06-26,Friday,G,Egypt,IR Iran,22:00,Seattle Stadium,Seattle,group,1,1,draw,,,,,
m63,2026-06-26,Friday,H,Cabo Verde,Saudi Arabia,19:00,Houston Stadium,Houston,group,0,0,draw,,,,,
m64,2026-06-26,Friday,H,Uruguay,Spain,19:00,Guadalajara Stadium,Guadalajara,group,0,1,team_b_win,,,,,
m65,2026-06-26,Friday,I,Senegal,Iraq,14:00,Toronto Stadium,Toronto,group,5,0,team_a_win,,,,,
m66,2026-06-26,Friday,I,Norway,France,14:00,Boston Stadium,Boston,group,1,4,team_b_win,,,,,
m67,2026-06-27,Saturday,J,Algeria,Austria,21:00,Kansas City Stadium,Kansas City,group,3,3,draw,,,,,
m68,2026-06-27,Saturday,J,Jordan,Argentina,21:00,Dallas Stadium,Dallas,group,1,3,team_b_win,,,,,
m69,2026-06-27,Saturday,K,Colombia,Portugal,18:30,Miami Stadium,Miami,group,0,0,draw,,,,,
m70,2026-06-27,Saturday,K,Congo DR,Uzbekistan,18:30,Atlanta Stadium,Atlanta,group,3,1,team_a_win,,,,,
m71,2026-06-27,Saturday,L,Croatia,Ghana,16:00,Philadelphia Stadium,Philadelphia,group,2,1,team_a_win,,,,,
m72,2026-06-27,Saturday,L,Panama,England,16:00,NY/NJ Stadium,New Jersey,group,0,2,team_b_win,,,,,
m73,2026-06-28,Sunday,,South Africa,Canada,14:00,Los Angeles Stadium,Los Angeles,round_of_32,0,1,team_b_win,regulation,,,team_b,Canada
m74,2026-06-29,Monday,,Germany,Paraguay,15:30,Boston Stadium,Boston,round_of_32,1,1,draw,penalties,3,4,team_b,Paraguay
m75,2026-06-29,Monday,,Netherlands,Morocco,20:00,Monterrey Stadium,Monterrey,round_of_32,1,1,draw,penalties,2,3,team_b,Morocco
m76,2026-06-29,Monday,,Brazil,Japan,12:00,Houston Stadium,Houston,round_of_32,2,1,team_a_win,regulation,,,team_a,Brazil
m77,2026-06-30,Tuesday,,Mexico,Ecuador,20:00,Mexico City Stadium,Mexico City,round_of_32,2,0,team_a_win,regulation,,,team_a,Mexico
m78,2026-06-30,Tuesday,,France,Sweden,16:00,NY/NJ Stadium,New Jersey,round_of_32,3,0,team_a_win,regulation,,,team_a,France
m79,2026-06-30,Tuesday,,Côte d'Ivoire,Norway,12:00,Dallas Stadium,Dallas,round_of_32,1,2,team_b_win,regulation,,,team_b,Norway
m80,2026-07-01,Wednesday,,USA,Bosnia and Herzegovina,19:00,SF Bay Area Stadium,San Francisco Bay Area,round_of_32,2,0,team_a_win,regulation,,,team_a,USA
m81,2026-07-01,Wednesday,,Belgium,Senegal,15:00,Seattle Stadium,Seattle,round_of_32,3,2,team_a_win,regulation,,,team_a,Belgium
m82,2026-07-01,Wednesday,,England,Congo DR,11:00,Atlanta Stadium,Atlanta,round_of_32,2,1,team_a_win,regulation,,,team_a,England
m83,2026-07-02,Thursday,,Switzerland,Algeria,22:00,BC Place Vancouver,Vancouver,round_of_32,2,0,team_a_win,regulation,,,team_a,Switzerland
m84,2026-07-02,Thursday,,Portugal,Croatia,18:00,Toronto Stadium,Toronto,round_of_32,2,1,team_a_win,regulation,,,team_a,Portugal
m85,2026-07-02,Thursday,,Spain,Austria,14:00,Los Angeles Stadium,Los Angeles,round_of_32,3,0,team_a_win,regulation,,,team_a,Spain
m86,2026-07-03,Friday,,Colombia,Ghana,20:30,Kansas City Stadium,Kansas City,round_of_32,1,0,team_a_win,regulation,,,team_a,Colombia
m87,2026-07-03,Friday,,Argentina,Cabo Verde,17:00,Miami Stadium,Miami,round_of_32,3,2,team_a_win,regulation,,,team_a,Argentina
m88,2026-07-03,Friday,,Australia,Egypt,13:00,Dallas Stadium,Dallas,round_of_32,1,1,draw,penalties,2,4,team_b,Egypt
m89,2026-07-04,Saturday,,Paraguay,France,16:00,Philadelphia Stadium,Philadelphia,round_of_16,0,1,team_b_win,regulation,,,team_b,France
m90,2026-07-04,Saturday,,Canada,Morocco,12:00,Houston Stadium,Houston,round_of_16,0,3,team_b_win,regulation,,,team_b,Morocco
m91,2026-07-05,Sunday,,Mexico,England,19:00,Mexico City Stadium,Mexico City,round_of_16,2,3,team_b_win,regulation,,,team_b,England
m92,2026-07-05,Sunday,,Brazil,Norway,15:00,NY/NJ Stadium,New Jersey,round_of_16,1,2,team_b_win,regulation,,,team_b,Norway
m93,2026-07-06,Monday,,USA,Belgium,19:00,Seattle Stadium,Seattle,round_of_16,1,4,team_b_win,regulation,,,team_b,Belgium
m94,2026-07-06,Monday,,Portugal,Spain,14:00,Dallas Stadium,Dallas,round_of_16,0,1,team_b_win,regulation,,,team_b,Spain
m95,2026-07-07,Tuesday,,Switzerland,Colombia,15:00,BC Place Vancouver,Vancouver,round_of_16,0,0,draw,penalties,4,3,team_a,Switzerland
m96,2026-07-07,Tuesday,,Argentina,Egypt,11:00,Atlanta Stadium,Atlanta,round_of_16,3,2,team_a_win,regulation,,,team_a,Argentina
m97,2026-07-09,Thursday,,France,Morocco,15:00,Boston Stadium,Boston,quarter_final,2,0,team_a_win,regulation,,,team_a,France
m98,2026-07-10,Friday,,Spain,Belgium,14:00,Los Angeles Stadium,Los Angeles,quarter_final,2,1,team_a_win,regulation,,,team_a,Spain
m99,2026-07-11,Saturday,,Argentina,Switzerland,20:00,Kansas City Stadium,Kansas City,quarter_final,3,1,team_a_win,regulation,,,team_a,Argentina
m100,2026-07-11,Saturday,,Norway,England,16:00,Miami Stadium,Miami,quarter_final,1,2,team_b_win,regulation,,,team_b,England
m101,2026-07-14,Tuesday,,France,Spain,14:00,Dallas Stadium,Dallas,semi_final,0,2,team_b_win,regulation,,,team_b,Spain
m102,2026-07-15,Wednesday,,England,Argentina,14:00,Atlanta Stadium,Atlanta,semi_final,1,2,team_b_win,regulation,,,team_b,Argentina
m103,2026-07-18,Saturday,,France,England,16:00,Miami Stadium,Miami,third_place,4,6,team_b_win,regulation,,,team_b,England
m104,2026-07-19,Sunday,,Spain,Argentina,14:00,NY/NJ Stadium,New Jersey,final,1,0,team_a_win,regulation,,,team_a,Spain
